<?xml version='1.0' encoding='UTF-8'?>
<hudson>
  <disabledAdministrativeMonitors>
    <string>jenkins.diagnostics.SecurityIsOffMonitor</string>
  </disabledAdministrativeMonitors>
  <version>1.651.1</version>
  <numExecutors>2</numExecutors>
  <mode>NORMAL</mode>
  <useSecurity>true</useSecurity>
  <authorizationStrategy class="hudson.security.AuthorizationStrategy$Unsecured"/>
  <securityRealm class="hudson.security.SecurityRealm$None"/>
  <disableRememberMe>false</disableRememberMe>
  <projectNamingStrategy class="jenkins.model.ProjectNamingStrategy$DefaultProjectNamingStrategy"/>
  <workspaceDir>${ITEM_ROOTDIR}/workspace</workspaceDir>
  <buildsDir>${ITEM_ROOTDIR}/builds</buildsDir>
  <jdks>
    <jdk>
      <name>Java 8</name>
      <home>C:\Program Files\Java\jdk1.8.0_92</home>
      <properties/>
    </jdk>
  </jdks>
  <viewsTabBar class="hudson.views.DefaultViewsTabBar"/>
  <myViewsTabBar class="hudson.views.DefaultMyViewsTabBar"/>
  <clouds/>
  <quietPeriod>5</quietPeriod>
  <scmCheckoutRetryCount>0</scmCheckoutRetryCount>
  <views>
    <hudson.model.AllView>
      <owner class="hudson" reference="../../.."/>
      <name>All</name>
      <filterExecutors>false</filterExecutors>
      <filterQueue>false</filterQueue>
      <properties class="hudson.model.View$PropertyList"/>
    </hudson.model.AllView>
  </views>
  <primaryView>All</primaryView>
  <slaveAgentPort>0</slaveAgentPort>
  <label></label>
  <nodeProperties/>
  <globalNodeProperties/>
  <noUsageStatistics>true</noUsageStatistics>
</hudson>